<?xml version="1.0" encoding="UTF-8"?>
<!DOCTYPE hibernate-configuration PUBLIC 
    "-//Hibernate/Hibernate Configuration DTD 3.0//EN"
    "http://www.hibernate.org/dtd/hibernate-configuration-3.0.dtd">
<hibernate-configuration>
  <session-factory>

   
    <property name="hibernate.connection.driver_class">com.mysql.cj.jdbc.Driver</property>
    <property name="hibernate.connection.url">jdbc:mysql://localhost:3306/testdb</property>
    <property name="hibernate.connection.username">hibernate_user</property>  <!-- ✅ fixed -->
    <property name="hibernate.connection.password">password123</property>     <!-- ✅ fixed -->

    <!-- Hibernate configuration properties -->
    <property name="hibernate.dialect">org.hibernate.dialect.MySQL8Dialect</property>
    <property name="hibernate.hbm2ddl.auto">update</property>
    <property name="show_sql">true</property>
    <property name="hibernate.show_sql">true</property>
<property name="hibernate.format_sql">true</property>
<property name="hibernate.use_sql_comments">true</property>


  
    <mapping class="com.example.model.Employee"/>

  </session-factory>
</hibernate-configuration>
